Workbook

Sheet 消费明细
A1: 川西 9 日行程消费明细
A2: 序号 | B2: 用途 | C2: 分类 | D2: 金额（元） | E2: 备注
A3: 1 | B3: 厦门-成都 | C3: 机票 | D3: 1480
A4: 2 | B4: 成都-厦门 | C4: 机票 | D4: 1380
A5: 3 | B5: 29号-1号 九寨沟民宿 | C5: 住宿 | D5: 567
A6: 4 | B6: 1号-3号酒店 | C6: 住宿 | D6: 547
A7: 5 | B7: 26号-28号 四姑娘山民宿 | C7: 住宿 | D7: 516
A8: 6 | B8: 25号晚酒店 | C8: 住宿 | D8: 195
A9: 7 | B9: 28号晚酒店 | C9: 住宿 | D9: 174
A10: 8 | B10: 四姑娘山门票 | C10: 门票 | D10: 400
A11: 9 | B11: 熊猫基地 | C11: 门票 | D11: 170
A12: 10 | B12: 成都-四姑娘山大巴 | C12: 当地交通 | D12: 248 | E12: 分类为推断：按小程序说明，大巴归「当地交通」
A13: 11 | B13: pocket租赁 | C13: 其他 | D13: 262
A14: 合计 | D14: =SUM(D3:D13) -> 5939 | E14: 共 11 笔

Sheet 分类汇总
A1: 分类小计与人均分摊
A2: 分类 | B2: 金额（元） | C2: 笔数 | D2: 占比
A3: 机票 | B3: =SUMIF('消费明细'!$C$3:$C$13,A3,'消费明细'!$D$3:$D$13) -> 2860 | C3: =COUNTIF('消费明细'!$C$3:$C$13,A3) -> 2 | D3: =IF(OR($B$10="",$B$10=0),"",B3/$B$10) -> 0.48156255
A4: 高铁 | B4: =SUMIF('消费明细'!$C$3:$C$13,A4,'消费明细'!$D$3:$D$13) -> 0 | C4: =COUNTIF('消费明细'!$C$3:$C$13,A4) -> 0 | D4: =IF(OR($B$10="",$B$10=0),"",B4/$B$10) -> 0
A5: 当地交通 | B5: =SUMIF('消费明细'!$C$3:$C$13,A5,'消费明细'!$D$3:$D$13) -> 248 | C5: =COUNTIF('消费明细'!$C$3:$C$13,A5) -> 1 | D5: =IF(OR($B$10="",$B$10=0),"",B5/$B$10) -> 0.041757872
A6: 门票 | B6: =SUMIF('消费明细'!$C$3:$C$13,A6,'消费明细'!$D$3:$D$13) -> 570 | C6: =COUNTIF('消费明细'!$C$3:$C$13,A6) -> 2 | D6: =IF(OR($B$10="",$B$10=0),"",B6/$B$10) -> 0.095975753
A7: 住宿 | B7: =SUMIF('消费明细'!$C$3:$C$13,A7,'消费明细'!$D$3:$D$13) -> 1999 | C7: =COUNTIF('消费明细'!$C$3:$C$13,A7) -> 5 | D7: =IF(OR($B$10="",$B$10=0),"",B7/$B$10) -> 0.33658865
A8: 餐饮 | B8: =SUMIF('消费明细'!$C$3:$C$13,A8,'消费明细'!$D$3:$D$13) -> 0 | C8: =COUNTIF('消费明细'!$C$3:$C$13,A8) -> 0 | D8: =IF(OR($B$10="",$B$10=0),"",B8/$B$10) -> 0
A9: 其他 | B9: =SUMIF('消费明细'!$C$3:$C$13,A9,'消费明细'!$D$3:$D$13) -> 262 | C9: =COUNTIF('消费明细'!$C$3:$C$13,A9) -> 1 | D9: =IF(OR($B$10="",$B$10=0),"",B9/$B$10) -> 0.044115171
A10: 合计 | B10: =SUM(B3:B9) -> 5939 | C10: =SUM(C3:C9) -> 11 | D10: =IF(OR($B$10="",$B$10=0),"",SUM(D3:D9)) -> 1
A12: 分摊人数 | B12: 2 | C12: 人（与小程序 costs.shareCount 一致）
A13: 人均分摊 | B13: =IF(OR(B12="",B12=0,B10=""),"",ROUND(B10/B12,2)) -> 2969.5 | C13: 元 / 人
